7750670313537,AGUA CIELO 2.5 LT,S/0.00,S/3.50,S/0.00,18,0,0,CODISAL (CIELO)
7750670244954,AGUA CIELO 625 ML,S/0.00,S/1.50,S/0.00,65,0,0,CODISAL (CIELO)
7750670009041,AGUA CIELO CHUPON 1 LT,S/0.00,S/2.50,S/0.00,37.00,0,0,CODISAL (CIELO)
7750670020411,AGUA CIELO CON GAS 625 ML,S/0.00,S/2.00,S/0.00,19.00,0,0,CODISAL (CIELO)
7750670020909,AGUA CIELO SABOR LIMON 600 ML,S/0.00,S/2.00,S/0.00,22.00,0,0,CODISAL (CIELO)
7750670020893,AGUA CIELO SABOR MANZANA 600 ML,S/0.00,S/2.00,S/0.00,12.00,0,0,CODISAL (CIELO)
7750670020985,AGUA CIELO SABOR NARANJA 600 ML,S/0.00,S/2.00,S/0.00,5.00,0,0,CODISAL (CIELO)
7753749004879,AGUA CRISTALINA 500 ML,S/0.00,S/1.00,S/0.00,3.00,0,0,BACKUS
1,AGUA FLOE BIDON 8.5 L,S/0.00,S/4.50,S/0.00,999999.00,0,0,- Sin Departamento -
7751731004418,AGUA LOA 625 ML,S/0.00,S/1.00,S/0.00,8.00,0,0,CYNKAT (LOA)
7751655000763,AGUA SAN CARLOS 3 LT,S/0.00,S/10.00,S/0.00,17.00,0,0,CBC (PEPSI)
7401005909856,AGUA SAN CARLOS SIN GAS 500ML,S/0.00,S/1.00,S/0.00,39.00,0,0,CBC (PEPSI)
7750182008938,AGUA SAN LUIS 3 LT,S/0.00,S/4.00,S/0.00,8.00,0,0,COCA COLA (ECOBESA)
7750182001199,AGUA SAN LUIS C/G 625 ML,S/0.00,S/2.50,S/0.00,21.00,0,0,- Sin Departamento -
7750182001229,AGUA SAN LUIS CHUPON 1 LT,S/0.00,S/3.00,S/0.00,39.00,0,0,COCA COLA (ECOBESA)
7750182007757,AGUA SAN LUIS MANZANA,S/0.00,S/2.50,S/0.00,6.00,0,0,COCA COLA (ECOBESA)
7750182006958,AGUA SAN LUIS SABOR LIMON 625 ML,S/0.00,S/2.50,S/0.00,7.00,0,0,COCA COLA (ECOBESA)
7750182007269,AGUA SAN LUIS SIN GAS 750 ML,S/0.00,S/2.00,S/0.00,16.00,0,0,COCA COLA (ECOBESA)
77530974,AGUA SAN MATEO CON GAS 600ML,S/0.00,S/2.50,S/0.00,30.00,0,0,GLORIA
7753749002295,AGUA SAN MATEO SIN GAS 2.5 LT,S/0.00,S/4.00,S/0.00,15.00,0,0,GLORIA
77530967,AGUA SAN MATEO SIN GAS 500 ML,S/0.00,S/2.00,S/0.00,27.00,0,0,GLORIA
7702049000531,AGUARDIENTE ANTIOQUEÑO AZUL SIN AZUCAR 750 ML,S/0.00,S/35.00,S/0.00,4.00,0,0,- Sin Departamento -
7702049000432,AGUARDIENTE ANTIOQUEÑO ROJO 750ML,S/0.00,S/35.00,S/0.00,4.00,0,0,- Sin Departamento -
2,ANIS BARATO SANTA CECILIA 670 ML,S/0.00,S/6.00,S/0.00,13.00,0,0,- Sin Departamento -
3,ANIS CARTUJO 750ML,S/0.00,S/13.00,S/0.00,4.00,0,0,NEGOCIACIONES S.A.C
8410337219020,ANIS EL MONO VICENTE BOSCH 1 LITRO,S/0.00,S/100.00,S/0.00,1.00,0,0,- Sin Departamento -
7759291179133,ANIS NAJAR CREMA ESPECIAL   750 ML,S/0.00,S/42.00,S/0.00,8.00,0,0,- Sin Departamento -
7759291179119,ANIS NAJAR SECO ESPECIAL  750 ML,S/0.00,S/40.00,S/0.00,3.00,0,0,- Sin Departamento -
7759291179126,ANIS NAJAR SEMI DULCE ESPECIAL  750 ML,S/0.00,S/40.00,S/0.00,4.00,0,0,- Sin Departamento -
5011013100132,BAILEYS ORIGINAL 750 ML,S/0.00,S/70.00,S/0.00,6.00,0,0,- Sin Departamento -
7750670017107,BEBIDA BIO ALOE VERA ORIGINAL 500 ML,S/0.00,S/3.50,S/0.00,10.00,0,0,- Sin Departamento -
7750182008327,BEBIDA DEL VALLE FRUGOS DURAZNO 1 LT,S/0.00,S/5.00,S/0.00,2.00,0,0,COCA COLA (ECOBESA)
7750182008396,BEBIDA DEL VALLE FRUGOS DURAZNO 1.5 LT,S/0.00,S/6.50,S/0.00,10.00,0,0,COCA COLA (ECOBESA)
7750236000185,BEBIDA DEL VALLE FRUGOS DURAZNO 1.5 LT,S/0.00,S/6.50,S/0.00,1000000.00,0,0,COCA COLA (ECOBESA)
7750182004879,BEBIDA FRUGOS DEL VALLE BOTELLA DURAZNO 300 ML,S/0.00,S/2.50,S/0.00,9.00,0,0,COCA COLA (ECOBESA)
7750182001267,BEBIDA FRUGOS DEL VALLE CAJA 235 ML,S/0.00,S/2.00,S/0.00,16.00,0,0,COCA COLA (ECOBESA)
7750182006521,BEBIDA FRUGOS DEL VALLE FRESH CITRUS 1.5 LT,S/0.00,S/4.50,S/0.00,6.00,0,0,COCA COLA (ECOBESA)
7750182005982,BEBIDA FRUGOS DEL VALLE FRESH CITRUS 500 ML,S/0.00,S/2.00,S/0.00,7.00,0,0,COCA COLA (ECOBESA)
7750670021876,BEBIDA HEY FIT PIÑA COLADA 600 ML,S/0.00,S/2.50,S/0.00,1000000.00,0,0,CODISAL (CIELO)
7750670021852,BEBIDA HEY FIT TORONJA 600 ML,S/0.00,S/2.50,S/0.00,14.00,0,0,CODISAL (CIELO)
7751731003909,BEBIDA KERO ALOE VERA 300 ML,S/0.00,S/3.50,S/0.00,12.00,0,0,CYNKAT (LOA)
7401020616548,BEBIDA LIPTON DURAZNO 500 ML,S/0.00,S/2.50,S/0.00,4.00,0,0,- Sin Departamento -
7751271035705,BEBIDA TAMPICO NARANJA 1.5 LT,S/0.00,S/5.50,S/0.00,7.00,0,0,GLORIA
7750885025966,BIZCOCHO COSTA CANCUN 33 GRAMOS,S/0.00,S/1.00,S/0.00,16.00,0,0,MOLITALIA(AMBROSOLI)
7750885024341,BIZCOHO CHOCMAN 33.5GR,S/0.00,S/1.00,S/0.00,14.00,0,0,MOLITALIA(AMBROSOLI)
644536390015,BLUNT BUBBLE GUM X 2 UND,S/0.00,S/5.00,S/0.00,9.00,0,0,- Sin Departamento -
644536227113,BLUNT CHOCOLATE X 2 UND,S/0.00,S/5.00,S/0.00,10.00,0,0,- Sin Departamento -
644536226413,BLUNT WATERMELON X 2 UND,S/0.00,S/5.00,S/0.00,4.00,0,0,- Sin Departamento -
4,BOLSA DE REGALO CHICO,S/0.00,S/3.00,S/0.00,30.00,0,0,- Sin Departamento -
6,BOLSA DE REGALO GRANDE,S/0.00,S/5.00,S/0.00,8.00,0,0,- Sin Departamento -
7640175740719,BOMBAY SAPHIRE 1 LT,S/0.00,S/110.00,S/0.00,2.00,0,0,- Sin Departamento -
99,BOTELLA VACIA DE CERVEZA 630ML, 1LITRO,S/0.00,S/1.00,S/0.00,0.00,0,0,- Sin Departamento -
100,BOTELLA VACIA DE GASEOSA 1.5l,S/0.00,S/1.50,S/0.00,33.00,0,0,- Sin Departamento -
101,BOTELLA VACIA DE GASEOSA MEDIANA,S/0.00,S/0.50,S/0.00,27.00,0,0,- Sin Departamento -
102,BOTELLA VACIA GASEOSA 1LT, GORDITA,S/0.00,S/1.00,S/0.00,66.00,0,0,- Sin Departamento -
C27,CAJA PLASTICA DE CERVEZA 1/1 , LT,S/0.00,S/15.00,S/0.00,3000.00,0,0,- Sin Departamento -
C28,CAJA PLASTICA DE CERVEZA 1/2,S/0.00,S/18.00,S/0.00,3000.00,0,0,- Sin Departamento -
14,CAMOTE BOLSA GRANDE,S/0.00,S/4.50,S/0.00,3.00,0,0,- Sin Departamento -
8,CARAMELOS ADAMS MENTA X UND,S/0.00,S/0.30,S/0.00,68.00,0,0,- Sin Departamento -
9,CARAMELOS CLORETS MENTA X UND,S/0.00,S/0.30,S/0.00,93.00,0,0,- Sin Departamento -
7750885016889,CARAMELOS FRUNAS BLOCKS 25 GRAMOS,S/0.00,S/1.50,S/0.00,12.00,0,0,MOLITALIA(AMBROSOLI)
78948457,CARAMELOS HALLS BARRA AZUAL 25 GRAMOS,S/0.00,S/2.00,S/0.00,21.00,0,0,- Sin Departamento -
78948464,CARAMELOS HALLS BARRA NEGRO 25 GRAMOS,S/0.00,S/2.00,S/0.00,6.00,0,0,- Sin Departamento -
78948440,CARAMELOS HALLS BARRA ROJO 25 GRAMOS,S/0.00,S/2.00,S/0.00,1000000.00,0,0,- Sin Departamento -
10,CARAMELOS HALLS SURTIDOS X UND,S/0.00,S/0.20,S/0.00,364.00,0,0,- Sin Departamento -
7750885024419,CARAMELOS MENTITAS AMBROSOLI 19 GRAMOS,S/0.00,S/1.00,S/0.00,3.00,0,0,MOLITALIA(AMBROSOLI)
75068271,CARAMELOS MENTOS DE MENTA 29 GRAMOS,S/0.00,S/2.00,S/0.00,6.00,0,0,- Sin Departamento -
75068318,CARAMELOS MENTOS FRUTAS 29 GRAMOS,S/0.00,S/2.00,S/0.00,10.00,0,0,- Sin Departamento -
78600010,CARAMELOS TIC TAC MENTA 16 GRAMOS,S/0.00,S/2.50,S/0.00,7.00,0,0,- Sin Departamento -
78600027,CARAMELOS TIC TAC NARANJA 16 GRAMOS,S/0.00,S/2.50,S/0.00,9.00,0,0,- Sin Departamento -
11,CARTAS,S/0.00,S/3.00,S/0.00,3.00,0,0,- Sin Departamento -
12,CASILLERO DEL DIABLO BLANCO 750 ML,S/0.00,S/40.00,S/0.00,1000000.00,0,0,- Sin Departamento -
7750885022002,CAÑONAZO 19 GRAMOS,S/0.00,S/1.00,S/0.00,3.00,0,0,- Sin Departamento -
7753749121453,CERVEZA  CRISTAL LATA 355 ML,S/0.00,S/4.00,S/0.00,5.00,0,0,- Sin Departamento -
7503038290809,CERVEZA CORONA EXTRA 330 ML X UND,S/0.00,S/5.50,S/0.00,70.00,0,0,- Sin Departamento -
75066468,CERVEZA CORONA EXTRA DE 210 ML,S/0.00,S/4.00,S/0.00,0.00,0,0,- Sin Departamento -
7753749003551,CERVEZA CRISTAL 1 LITRO,S/0.00,S/9.00,S/0.00,47.00,0,0,BACKUS
7753749000680,CERVEZA CRISTAL BOTELLA 630 ML,S/0.00,S/7.00,S/0.00,96.00,0,0,BACKUS
7753749001960,CERVEZA CRISTAL LATON 473 ML,S/0.00,S/5.00,S/0.00,109.00,0,0,BACKUS
77512390,CERVEZA CUSQUEÑA NEGRA 620ML,S/0.00,S/7.50,S/0.00,11.00,0,0,BACKUS
7753749005197,CERVEZA CUSQUEÑA NEGRA BOTELLITA 310 ML,S/0.00,S/5.00,S/0.00,19.00,0,0,BACKUS
7753749003353,CERVEZA CUSQUEÑA NEGRA LATA 355ML,S/0.00,S/4.00,S/0.00,8.00,0,0,BACKUS
7753749008327,CERVEZA CUSQUEÑA NEGRA LATAZA 473 ML,S/0.00,S/6.00,S/0.00,57.00,0,0,BACKUS
7753749008334,CERVEZA CUSQUEÑA NEGRA X 6 UND,S/0.00,S/35.00,S/0.00,0.00,0,0,BACKUS
7753749005180,CERVEZA CUSQUEÑA TRIGO 310ML BOTELLA,S/0.00,S/5.00,S/0.00,112.00,0,0,BACKUS
77536501,CERVEZA CUSQUEÑA TRIGO 620 ML,S/0.00,S/7.50,S/0.00,82.00,0,0,BACKUS
7753749009133,CERVEZA CUSQUEÑA TRIGO ZERO ALCOHOL 310 ML,S/0.00,S/5.00,S/0.00,10.00,0,0,BACKUS
7503052713407,CERVEZA FLYING FISH 355 ML,S/0.00,S/5.00,S/0.00,6.00,0,0,- Sin Departamento -
7753749003735,CERVEZA GOLDEN 473ML X UND,S/0.00,S/4.00,S/0.00,36.00,0,0,BACKUS
7759847000270,CERVEZA HEINEKEN BOTELLA 600 ML,S/0.00,S/7.50,S/0.00,89.00,0,0,HEINEKEN
7759847000263,CERVEZA HEINEKEN BOTELLITA X 6 UND,S/0.00,S/31.00,S/0.00,0.00,0,0,HEINEKEN
7759847000300,CERVEZA HEINEKEN LATAZA 473 ML,S/0.00,S/6.00,S/0.00,24.00,0,0,HEINEKEN
7759847000256,CERVEZA HEINIKEN ORIGINAL 330ML,S/0.00,S/5.50,S/0.00,8.00,0,0,- Sin Departamento -
7753749007955,CERVEZA LATON CUSQUEÑA TRIGO 473ML,S/0.00,S/6.00,S/0.00,191.00,0,0,BACKUS
7753749132817,CERVEZA PILSEN 355ML UNI,S/0.00,S/4.50,S/0.00,81.00,0,0,BACKUS
7753749001519,CERVEZA PILSEN BOTELLA 630 ML,S/0.00,S/7.00,S/0.00,60.00,0,0,BACKUS
77541130,CERVEZA PILSEN CALLAO 1LT BOTELLA,S/0.00,S/9.50,S/0.00,22.00,0,0,BACKUS
7753749005166,CERVEZA PILSEN CALLAO 305 ML BOTELLA,S/0.00,S/4.50,S/0.00,82.00,0,0,BACKUS
7753749002035,CERVEZA PILSEN CALLAO 473 ML LATON X UND,S/0.00,S/6.00,S/0.00,264.00,0,0,BACKUS
7759847000690,CERVEZA TRES CRUCES BLANCA 473 ML,S/0.00,S/4.00,S/0.00,82.00,0,0,CODISAL (CIELO)
7759847000812,CERVEZA TRES CRUCES NEGRA 473 ML,S/0.00,S/4.00,S/0.00,176.00,0,0,CODISAL (CIELO)
7759847000218,CERVEZA TRES CRUCES PUM PUM 473 ML,S/0.00,S/4.00,S/0.00,47.00,0,0,CODISAL (CIELO)
7758574005619,CHEESE TRIS 44 GR,S/0.00,S/2.00,S/0.00,7.00,0,0,- Sin Departamento -
7758574000836,CHEETOS CON SABOR MEGA QUESO 34 GR,S/0.00,S/2.00,S/0.00,8.00,0,0,- Sin Departamento -
7758574003837,CHICHARRON JACKS 24 GRAMOS,S/0.00,S/2.50,S/0.00,15.00,0,0,- Sin Departamento -
13,CHICLE BOOGUIE SURTIDOS X UND,S/0.00,S/0.20,S/0.00,76.00,0,0,- Sin Departamento -
98,CHIFLE CHICO,S/0.00,S/1.50,S/0.00,2.00,0,0,- Sin Departamento -
6935155214528,CHIFLE GRANDE,S/0.00,S/4.50,S/0.00,8.00,0,0,- Sin Departamento -
7750533001403,CHILCANO TABERNERO BAR MARACUYA 275 ML,S/0.00,S/6.00,S/0.00,20.00,0,0,LIQUOR EXPRESS
15,CHIMO AZUL X UND,S/0.00,S/5.00,S/0.00,13.00,0,0,- Sin Departamento -
33,CHIMO NEGRO X UND,S/0.00,S/10.00,S/0.00,1.00,0,0,- Sin Departamento -
7758574004667,CHIZITOS CON SABOR A QUESO 35 GR,S/0.00,S/1.50,S/0.00,4.00,0,0,- Sin Departamento -
7758574003776,CHIZITOS SABOR A QUESO 190 GRAMOS,S/0.00,S/8.50,S/0.00,3.00,0,0,- Sin Departamento -
77958921,CHOCOLATE BON O BON 15 GRAMOS,S/0.00,S/1.00,S/0.00,50.00,0,0,- Sin Departamento -
8445291985872,CHOCOLATE PRINCESA 28 GRAMOS,S/0.00,S/2.50,S/0.00,10.00,0,0,NESTLE S&C
8445290347701,CHOCOLATE SUBLIME ALMENDRA 50 GRAMOS,S/0.00,S/4.00,S/0.00,11.00,0,0,NESTLE S&C
8445291336025,CHOCOLATE SUBLIME CLASICO 26 GR,S/0.00,S/2.50,S/0.00,18.00,0,0,NESTLE S&C
8445290111531,CHOCOLATE SUBLIME DUO 28 GRAMOS,S/0.00,S/2.00,S/0.00,16.00,0,0,NESTLE S&C
8445291904729,CHOCOLATE TRIANGULO 29 GRAMOS,S/0.00,S/2.00,S/0.00,8.00,0,0,NESTLE S&C
7622202014796,CHOKO SODA FIELD SABOR A CHOCOLATE 36 GR,S/0.00,S/1.50,S/0.00,6.00,0,0,- Sin Departamento -
7758102004022,CHUPETIN GLOBO POP LED FRESA,S/0.00,S/1.00,S/0.00,7.00,0,0,- Sin Departamento -
7758102004848,CHUPETIN GLOBOPOP LED CEREZA,S/0.00,S/1.00,S/0.00,12.00,0,0,- Sin Departamento -
7758102005081,CHUPETIN GLOPOP LED BLUEBERRY,S/0.00,S/1.00,S/0.00,10.00,0,0,- Sin Departamento -
16,CHUPETINES SURTIDOS X UND,S/0.00,S/0.50,S/0.00,85.00,0,0,- Sin Departamento -
17,CIGARRO  MALBORO CANELA X UND,S/0.00,S/1.50,S/0.00,65.00,0,0,TAMBOS PERU
31,CIGARRO ESSE MORA X UND,S/0.00,S/1.50,S/0.00,142.00,0,0,- Sin Departamento -
18,CIGARRO GOLDEN DORADO X UND,S/0.00,S/0.50,S/0.00,325.00,0,0,- Sin Departamento -
19,CIGARRO GOLDEN ROJO X UND,S/0.00,S/0.50,S/0.00,517.00,0,0,- Sin Departamento -
20,CIGARRO GOLDEN VERDE X UND,S/0.00,S/0.50,S/0.00,327.00,0,0,- Sin Departamento -
21,CIGARRO HAMILTON AZUL X UND,S/0.00,S/1.00,S/0.00,227.00,0,0,JANDY
22,CIGARRO HAMILTON VERDE X UND,S/0.00,S/1.00,S/0.00,100.00,0,0,JANDY
93,CIGARRO INCA X UND,S/0.00,S/0.50,S/0.00,49.00,0,0,- Sin Departamento -
23,CIGARRO LUCKY STRIKE AZUL X UND,S/0.00,S/1.50,S/0.00,319.00,0,0,JANDY
24,CIGARRO LUCKY STRIKE MORA X UND,S/0.00,S/1.50,S/0.00,249.00,0,0,JANDY
25,CIGARRO LUCKY STRIKE NARANJA X UND,S/0.00,S/1.50,S/0.00,413.00,0,0,JANDY
26,CIGARRO LUCKY STRIKE SANDIA X UND,S/0.00,S/1.50,S/0.00,372.00,0,0,JANDY
27,CIGARRO MALBORO AZUL X UND,S/0.00,S/1.50,S/0.00,51.00,0,0,TAMBOS PERU
77555526,CIGARRO MALBORO MARRON X 10 UND,S/0.00,S/10.00,S/0.00,1000000.00,0,0,TAMBOS PERU
28,CIGARRO MALBORO MORA X UND,S/0.00,S/1.50,S/0.00,39.00,0,0,TAMBOS PERU
29,CIGARRO MALBORO SANDIA  X UND,S/0.00,S/1.50,S/0.00,57.00,0,0,TAMBOS PERU
94,CIGARRO NIRVANA X UND,S/0.00,S/1.00,S/0.00,6.00,0,0,- Sin Departamento -
30,CIGARRO PALL MAL VERDE X UND,S/0.00,S/1.00,S/0.00,106.00,0,0,JANDY
32,CIGARRO PALL MALL AZUL X UND,S/0.00,S/1.00,S/0.00,120.00,0,0,JANDY
92,CIGARRO PALL MALL MARRON X UND,S/0.00,S/1.00,S/0.00,10.00,0,0,- Sin Departamento -
73,CIGARRO PALL MALL MORA X UND,S/0.00,S/1.00,S/0.00,236.00,0,0,JANDY
65,COGÑAC RIO GRANDE 125ML,S/0.00,S/10.00,S/0.00,1000000.00,0,0,- Sin Departamento -
97,COPAS,S/0.00,S/4.00,S/0.00,9.00,0,0,- Sin Departamento -
7753129000019,CREMA  DE COCO BIZARRO 350 GRAMOS,S/0.00,S/10.00,S/0.00,4.00,0,0,- Sin Departamento -
SALT 500KG,CREMA ALGARROBINA LA TACALEÑA 500 ML,S/0.00,S/10.00,S/0.00,10.00,0,0,- Sin Departamento -
7755539000542,CREMA COCO FRANCHETTIS 750ML,S/0.00,S/24.00,S/0.00,1000000.00,0,0,- Sin Departamento -
96,CREMA DE MENTA WISLAN 750 ML,S/0.00,S/25.00,S/0.00,1.00,0,0,- Sin Departamento -
7758574006272,CUATES PICANTE 42 GRAMOS,S/0.00,S/1.50,S/0.00,10.00,0,0,- Sin Departamento -
7751738002615,Chata De Old Times 250 Ml,S/0.00,S/12.00,S/0.00,1.00,0,0,- Sin Departamento -
7750535930053,DFIESRA MORA 2 LT,S/0.00,S/6.00,S/0.00,7.00,0,0,- Sin Departamento -
7750535930015,DFIESTA BLU 2 LT,S/0.00,S/6.00,S/0.00,10.00,0,0,- Sin Departamento -
7750535930084,DFIESTA FRESA 2 LT,S/0.00,S/6.00,S/0.00,8.00,0,0,- Sin Departamento -
7750535930039,DFIESTA MANZANA 2 LT,S/0.00,S/6.00,S/0.00,15.00,0,0,- Sin Departamento -
7750535930022,DFIESTA MARACUYA 2 LT,S/0.00,S/6.00,S/0.00,6.00,0,0,- Sin Departamento -
7750535930046,DFIESTA PIÑA COLADA 2 LT,S/0.00,S/6.00,S/0.00,15.00,0,0,- Sin Departamento -
7750535930060,DFIESTA SANDIA 2 LT,S/0.00,S/6.00,S/0.00,14.00,0,0,- Sin Departamento -
7758574004445,DORITOS CON SABOR QUESO ATREVIDO 45 GR,S/0.00,S/2.50,S/0.00,5.00,0,0,- Sin Departamento -
7759307017534,ELECTRO LIGTH NARANJA 475 ML,S/0.00,S/2.50,S/0.00,9.00,0,0,- Sin Departamento -
34,ENCENDEDOR CON LUZ,S/0.00,S/2.00,S/0.00,14.00,0,0,- Sin Departamento -
35,ENCENDEDOR CONTRA VIENTO,S/0.00,S/3.00,S/0.00,24.00,0,0,- Sin Departamento -
36,ENCENDEDOR SIMPLE,S/0.00,S/1.00,S/0.00,22.00,0,0,- Sin Departamento -
24474006979,ENERGIZANTE 220 ORIGINAL 33O ML,S/0.00,S/2.50,S/0.00,6.00,0,0,CBC (PEPSI)
7751731002971,ENERGIZANTE 360 CLASICO -,S/0.00,S/2.50,S/0.00,10.00,0,0,CYNKAT (LOA)
9002490100070,ENERGIZANTE RED BULL 250 ML,S/0.00,S/8.50,S/0.00,13.00,0,0,CBC (PEPSI)
7750670014960,ENERGIZANTE VOLT COLAGENO Y ALOE  300 ML,S/0.00,S/2.50,S/0.00,3.00,0,0,CODISAL (CIELO)
7750670012218,ENERGIZANTE VOLT GINSENG 300 ML,S/0.00,S/2.50,S/0.00,56.00,0,0,CODISAL (CIELO)
8000368219801,ESPUMANTE RICADONNA ASTI 750 ML,S/0.00,S/62.00,S/0.00,4.00,0,0,- Sin Departamento -
8000368244605,ESPUMANTE RICADONNA MOSCATO 750ML,S/0.00,S/65.00,S/0.00,1.00,0,0,- Sin Departamento -
8000368588303,ESPUMANTE RICCADONNA  RUBY 750 ML,S/0.00,S/62.00,S/0.00,8.00,0,0,- Sin Departamento -
7758218196017,ESPUMANTE SANTIAGO QUEIROLO  750 ML,S/0.00,S/15.00,S/0.00,11.00,0,0,- Sin Departamento -
7750533117890,ESPUMANTE TABERNERO ESPECIAL 750ML,S/0.00,S/15.00,S/0.00,12.00,0,0,LIQUOR EXPRESS
37,FOSFORO CHINO,S/0.00,S/0.30,S/0.00,12.00,0,0,- Sin Departamento -
38,FOSFORO LLAMA,S/0.00,S/0.50,S/0.00,34.00,0,0,- Sin Departamento -
849806002319,FOUR LOKO BLUE 473 ML,S/0.00,S/12.00,S/0.00,1000000.00,0,0,JANDY
849806001756,FOUR LOKO GOLD 473 ML,S/0.00,S/12.00,S/0.00,23.00,0,0,JANDY
849806005754,FOUR LOKO LIMON 473 ML,S/0.00,S/12.00,S/0.00,24.00,0,0,JANDY
849806004962,FOUR LOKO MARACUYA 473ML,S/0.00,S/12.00,S/0.00,26.00,0,0,JANDY
849806002746,FOUR LOKO MORA BEBIDA,S/0.00,S/12.00,S/0.00,35.00,0,0,JANDY
849806005921,FOUR LOKO PIÑA 473 ML,S/0.00,S/12.00,S/0.00,0.00,0,0,JANDY
849806001206,FOUR LOKO SANDIA 473 ML,S/0.00,S/12.00,S/0.00,24.00,0,0,JANDY
7750182007283,FRUGOS DEL VALLE FRESH 3 LT,S/0.00,S/9.00,S/0.00,5.00,0,0,COCA COLA (ECOBESA)
7750243052672,GALLETA CASINO SABOR A FRESA 43 GR,S/0.00,S/1.50,S/0.00,5.00,0,0,- Sin Departamento -
7750243058247,GALLETA CHOMP SABOR CHOCOLATE 38 GRAMOS,S/0.00,S/1.50,S/0.00,5.00,0,0,- Sin Departamento -
7750243058261,GALLETA CHOMP SABOR NARANJA 38 GRAMOS,S/0.00,S/1.50,S/0.00,2.00,0,0,- Sin Departamento -
7622201717766,GALLETA CLUB SOCIAL 24 GRAMOS,S/0.00,S/1.50,S/0.00,0.00,0,0,- Sin Departamento -
7702024119463,GALLETA COCOSETTE 50 GRAMOS,S/0.00,S/2.00,S/0.00,4.00,0,0,NESTLE S&C
7750243085090,GALLETA MARGARITA TACO 118 GRAMOS,S/0.00,S/2.00,S/0.00,10.00,0,0,- Sin Departamento -
7752748010508,GALLETA MINI PICARAS 46 GRAMOS,S/0.00,S/1.50,S/0.00,7.00,0,0,- Sin Departamento -
7613287152244,GALLETA MOROCHA SNACK 42 GRAMOS,S/0.00,S/1.50,S/0.00,1.00,0,0,NESTLE S&C
7613036335942,GALLETA MOROCHAS TACO 75 GRAMOS,S/0.00,S/2.50,S/0.00,11.00,0,0,NESTLE S&C
7750885019859,GALLETA NIK SABOR VAINILLA 27 GRAMOS,S/0.00,S/1.00,S/0.00,3.00,0,0,- Sin Departamento -
7622201693015,GALLETA OREO CON CREMA SABOR A VAINILLA TACO 108 GRAMOS,S/0.00,S/3.00,S/0.00,14.00,0,0,- Sin Departamento -
7590011251100,GALLETA OREO ORIGINAL 36G,S/0.00,S/1.50,S/0.00,13.00,0,0,- Sin Departamento -
7622202232756,GALLETA RITZ TACO 70 GRAMOS,S/0.00,S/2.50,S/0.00,17.00,0,0,- Sin Departamento -
7622202309533,GALLETA RITZ TACO QUESO 75 GRAMOS,S/0.00,S/3.00,S/0.00,9.00,0,0,- Sin Departamento -
7750106002868,GALLETA SAN JORGE 75 GRAMOS,S/0.00,S/2.50,S/0.00,6.00,0,0,- Sin Departamento -
7750243077644,GALLETA TENTACION CHOCOLATE 43 GRAMOS,S/0.00,S/1.50,S/0.00,3.00,0,0,- Sin Departamento -
7750243077620,GALLETA TENTACION VAINILLA 43 GRAMOS,S/0.00,S/1.50,S/0.00,6.00,0,0,- Sin Departamento -
7750106010245,GALLETA VAINILLA 120 GRAMOS,S/0.00,S/2.50,S/0.00,14.00,0,0,- Sin Departamento -
7750885024822,GALLETAS CARITAS COSTA 44 GRAMOS,S/0.00,S/1.00,S/0.00,12.00,0,0,- Sin Departamento -
7750243052665,GALLETAS CASINO CHOCO CHILL 43G,S/0.00,S/1.50,S/0.00,3.00,0,0,- Sin Departamento -
7613035963948,GALLETAS MOROCHAS SABOR CHOCOLATE 30 GR,S/0.00,S/1.50,S/0.00,16.00,0,0,- Sin Departamento -
7752748012038,GALLETAS PICARAS SABOR DE CHOCOLATE,S/0.00,S/1.50,S/0.00,4.00,0,0,- Sin Departamento -
7622201389956,GALLETAS RITZ 20G,S/0.00,S/1.50,S/0.00,11.00,0,0,- Sin Departamento -
7750670014250,GASEOSA BIG KOLA 350ML,S/0.00,S/1.50,S/0.00,42.00,0,0,CODISAL (CIELO)
7750182155663,GASEOSA COCA COLA 1.5 LT,S/0.00,S/7.50,S/0.00,17.00,0,0,COCA COLA (ECOBESA)
7750182000796,GASEOSA COCA COLA 2.25 LT,S/0.00,S/11.00,S/0.00,1000000.00,0,0,COCA COLA (ECOBESA)
7750182001250,GASEOSA COCA COLA 3 LT,S/0.00,S/13.00,S/0.00,5.00,0,0,COCA COLA (ECOBESA)
7750182006095,GASEOSA COCA COLA 600 ML,S/0.00,S/3.50,S/0.00,52.00,0,0,COCA COLA (ECOBESA)
7750182005746,GASEOSA COCA COLA VIDRIO 1 LT,S/0.00,S/5.00,S/0.00,51.00,0,0,COCA COLA (ECOBESA)
7750182005838,GASEOSA COCA COLA VIDRIO 1.5 LT,S/0.00,S/6.50,S/0.00,10.00,0,0,COCA COLA (ECOBESA)
39,GASEOSA COCA COLA VIDRIO 296 ML,S/0.00,S/2.00,S/0.00,92.00,0,0,COCA COLA (ECOBESA)
7750182000703,GASEOSA COCA COLA ZERO 1.5 LT,S/0.00,S/7.50,S/0.00,1.00,0,0,COCA COLA (ECOBESA)
7750182006200,GASEOSA COCA COLA ZERO 600 ML,S/0.00,S/3.50,S/0.00,13.00,0,0,COCA COLA (ECOBESA)
7401005912986,GASEOSA CONCORDIA JUMBO 75O ML,S/0.00,S/3.50,S/0.00,9.00,0,0,CBC (PEPSI)
7401005913907,GASEOSA CONCORDIA PIÑA 1 LT,S/0.00,S/4.00,S/0.00,6.00,0,0,CBC (PEPSI)
7401005913013,GASEOSA CONCORDIA PIÑA 1.5 LT,S/0.00,S/4.50,S/0.00,4.00,0,0,CBC (PEPSI)
7401005912863,GASEOSA CONCORDIA PIÑA 355 ML,S/0.00,S/1.50,S/0.00,1000000.00,0,0,CBC (PEPSI)
7401005909986,GASEOSA CONCORDIA PIÑA 355 ML,S/0.00,S/1.50,S/0.00,16.00,0,0,CBC (PEPSI)
7401005912887,GASEOSA CONCORDIA PIÑA 500 ML,S/0.00,S/2.50,S/0.00,6.00,0,0,CBC (PEPSI)
7751580001101,GASEOSA EVERVESS GINGER ALE 1.5 LT,S/0.00,S/6.50,S/0.00,13.00,0,0,CBC (PEPSI)
7750182698337,GASEOSA FANTA  NARANJA 2.25 LT,S/0.00,S/8.50,S/0.00,3.00,0,0,COCA COLA (ECOBESA)
7750182220378,GASEOSA FANTA  NARANJA 500 ML,S/0.00,S/2.50,S/0.00,13.00,0,0,COCA COLA (ECOBESA)
7750182005609,GASEOSA FANTA KOLA INGLESA 2.25 LT,S/0.00,S/8.50,S/0.00,2.00,0,0,COCA COLA (ECOBESA)
7750182002394,GASEOSA FANTA KOLA INGLESA 3 LT,S/0.00,S/10.00,S/0.00,3.00,0,0,COCA COLA (ECOBESA)
7750182002363,GASEOSA FANTA KOLA INGLESA 500 ML,S/0.00,S/2.50,S/0.00,16.00,0,0,COCA COLA (ECOBESA)
7750182008587,GASEOSA FANTA MANZANA 500 ML,S/0.00,S/2.50,S/0.00,1.00,0,0,- Sin Departamento -
7750182495301,GASEOSA FANTA SABOR NARANJA 3 LT,S/0.00,S/10.00,S/0.00,3.00,0,0,COCA COLA (ECOBESA)
7753749001632,GASEOSA GUARANA 2 LT,S/0.00,S/6.50,S/0.00,10.00,0,0,BACKUS
7753749001649,GASEOSA GUARANA 3 LT,S/0.00,S/9.00,S/0.00,6.00,0,0,BACKUS
7753749009331,GASEOSA GUARANA 300 ML,S/0.00,S/1.50,S/0.00,18.00,0,0,BACKUS
7753749003186,GASEOSA GUARANA 450ML,S/0.00,S/2.50,S/0.00,21.00,0,0,BACKUS
7753749009324,GASEOSA GUARANA PIÑA 300 ML,S/0.00,S/1.50,S/0.00,1000000.00,0,0,BACKUS
40,GASEOSA INCA COLA VIDRIO 296 ML,S/0.00,S/2.00,S/0.00,120.00,0,0,COCA COLA (ECOBESA)
7750182005739,GASEOSA INCA KOLA  VIDRIO 1 LT,S/0.00,S/5.00,S/0.00,39.00,0,0,COCA COLA (ECOBESA)
7750236330169,GASEOSA INCA KOLA 1.5 LT,S/0.00,S/7.50,S/0.00,10.00,0,0,COCA COLA (ECOBESA)
7750236000246,GASEOSA INCA KOLA 2.25 LT,S/0.00,S/11.00,S/0.00,4.00,0,0,COCA COLA (ECOBESA)
7750182001243,GASEOSA INCA KOLA 3 LT,S/0.00,S/13.00,S/0.00,8.00,0,0,COCA COLA (ECOBESA)
7750182006088,GASEOSA INCA KOLA 600 ML,S/0.00,S/3.50,S/0.00,42.00,0,0,COCA COLA (ECOBESA)
41,GASEOSA INCA KOLA GORDITA 625 ML,S/0.00,S/3.50,S/0.00,67.00,0,0,COCA COLA (ECOBESA)
7750182001809,GASEOSA INCA KOLA ZERO 1.5 LT,S/0.00,S/7.50,S/0.00,3.00,0,0,COCA COLA (ECOBESA)
7750182006194,GASEOSA INCA KOLA ZERO 600 ML,S/0.00,S/3.50,S/0.00,5.00,0,0,COCA COLA (ECOBESA)
7750182005814,GASEOSA INKA COLA VIDRIO 1.5 LT,S/0.00,S/6.50,S/0.00,23.00,0,0,COCA COLA (ECOBESA)
7750670019873,GASEOSA KOLITA KOLA ROJA 1.7 LT,S/0.00,S/4.00,S/0.00,9.00,0,0,CODISAL (CIELO)
7750670019484,GASEOSA KOLITA KOLA ROJA 400 ML,S/0.00,S/1.50,S/0.00,19.00,0,0,CODISAL (CIELO)
7750670020978,GASEOSA KOLITA LATA SABOR KOLA ROJA 355 ML,S/0.00,S/2.50,S/0.00,9.00,0,0,CODISAL (CIELO)
7751731006283,GASEOSA KR NEGRA 350 ML,S/0.00,S/1.00,S/0.00,0.00,0,0,- Sin Departamento -
7591446002176,GASEOSA MALTA POLAR 355 ML,S/0.00,S/7.00,S/0.00,9.00,0,0,NEGOCIACIONES S.A.C
77531704,GASEOSA MALTIN POWER CLASICO 330 ML,S/0.00,S/2.00,S/0.00,11.00,0,0,BACKUS
7401005914652,GASEOSA PEPSI 1 LT,S/0.00,S/4.00,S/0.00,7.00,0,0,CBC (PEPSI)
7401005914706,GASEOSA PEPSI 1.5 LT,S/0.00,S/4.50,S/0.00,29.00,0,0,CBC (PEPSI)
7401005914676,GASEOSA PEPSI 2 LT,S/0.00,S/6.00,S/0.00,1.00,0,0,CBC (PEPSI)
7401005914690,GASEOSA PEPSI 3 LT,S/0.00,S/9.00,S/0.00,1.00,0,0,CBC (PEPSI)
7401005914614,GASEOSA PEPSI 355 ML,S/0.00,S/1.50,S/0.00,29.00,0,0,CBC (PEPSI)
7401016716153,GASEOSA PEPSI 450 ML,S/0.00,S/2.50,S/0.00,37.00,0,0,CBC (PEPSI)
7401005914645,GASEOSA PEPSI JUMBO 750 ML,S/0.00,S/3.50,S/0.00,20.00,0,0,CBC (PEPSI)
7401005909740,GASEOSA SEVEN UP 1.5 LT,S/0.00,S/4.50,S/0.00,5.00,0,0,- Sin Departamento -
7750182000321,GASEOSA SPRITE 500 ML,S/0.00,S/2.50,S/0.00,3.00,0,0,COCA COLA (ECOBESA)
5000329002537,GINEBRA BEEFEATER NEUTRO 750 ML,S/0.00,S/100.00,S/0.00,1.00,0,0,- Sin Departamento -
5000299605950,GINEBRA BEEFEATER PINK 750 ML,S/0.00,S/110.00,S/0.00,1.00,0,0,- Sin Departamento -
5000281015248,GINEBRA TANQUERAY 750 ML,S/0.00,S/95.00,S/0.00,1.00,0,0,- Sin Departamento -
7759307017572,HIDRANTANTE ELECTRO LIGHT 475 ML,S/0.00,S/2.50,S/0.00,9.00,0,0,BACKUS
7751655001357,HIDRATANTE GATORADE COOL BLUE,S/0.00,S/2.50,S/0.00,18.00,0,0,CBC (PEPSI)
7751655001395,HIDRATANTE GATORADE TROPICAL 1 LT,S/0.00,S/5.00,S/0.00,13.00,0,0,CBC (PEPSI)
7751655001326,HIDRATANTE GATORADE TROPICAL 500ML,S/0.00,S/2.50,S/0.00,23.00,0,0,CBC (PEPSI)
7750670004329,HIDRATANTE SPORADE BLUEBERRY 500 ML,S/0.00,S/2.50,S/0.00,1000000.00,0,0,CODISAL (CIELO)
7750670015370,HIDRATANTE SPORADE TROPICAL 1 LT,S/0.00,S/5.00,S/0.00,23.00,0,0,CODISAL (CIELO)
7750670004442,HIDRATANTE SPORADE TROPICAL 1.5 LT,S/0.00,S/6.50,S/0.00,13.00,0,0,CODISAL (CIELO)
7750670010238,HIDRATANTE SPORADE TROPICAL 500ML,S/0.00,S/2.50,S/0.00,32.00,0,0,CODISAL (CIELO)
70,HIELO X BOLSA,S/0.00,S/4.00,S/0.00,28.00,0,0,- Sin Departamento -
7750526002707,INKA CHIPS PAPAS SABOR JALAPEÑO 30GR,S/0.00,S/2.50,S/0.00,10.00,0,0,- Sin Departamento -
4067700015327,JAGERMEISTER LICOR 700 ML,S/0.00,S/75.00,S/0.00,6.00,0,0,- Sin Departamento -
7750417963490,JARABE  BITTERS AROMATIC AMARGO ANGOSTURA 75 ML,S/0.00,S/10.00,S/0.00,7.00,0,0,- Sin Departamento -
42,JARABE CREMA DE MENTA WISLAN 750  ML,S/0.00,S/25.00,S/0.00,1.00,0,0,- Sin Departamento -
91,JARABE CURACAO BLUE WISLAN 750 ML,S/0.00,S/25.00,S/0.00,4.00,0,0,- Sin Departamento -
736372724274,JARABE DE CURACAO BLUE DIVARG,S/0.00,S/10.00,S/0.00,7.00,0,0,- Sin Departamento -
736372724243,JARABE DE GOMA DIVARG 750 ML,S/0.00,S/10.00,S/0.00,4.00,0,0,- Sin Departamento -
736372724250,JARABE DE GRANADILLA DIVARG 750 ML,S/0.00,S/10.00,S/0.00,9.00,0,0,- Sin Departamento -
723707908133,JARABE DE GRANADINA DR. MIXING 750 ML,S/0.00,S/10.00,S/0.00,3.00,0,0,- Sin Departamento -
736372724267,JARABE DE MENTA DIVARG 750 ML,S/0.00,S/10.00,S/0.00,4.00,0,0,- Sin Departamento -
43,JARABE SOUR APPLE LICOR DE MANZANA WISLAN 750 ML,S/0.00,S/25.00,S/0.00,3.00,0,0,- Sin Departamento -
44,JARABE TRIPE SEC CURACAO BLANCO WISLAN 750 ML,S/0.00,S/25.00,S/0.00,3.00,0,0,- Sin Departamento -
7751738004206,LEGEND  GUARANA CHATA 355ML,S/0.00,S/6.00,S/0.00,1000000.00,0,0,- Sin Departamento -
7613035196865,LENTEJAS NESTLE CAJA 30 GRAMOS,S/0.00,S/2.50,S/0.00,3.00,0,0,- Sin Departamento -
7613033447150,LENTEJAS NESTLE SOBRE 16 GRAMOS,S/0.00,S/1.50,S/0.00,1.00,0,0,- Sin Departamento -
8000040002509,LICOR CAMPARI  MILANO 750ML,S/0.00,S/25.00,S/0.00,1000000.00,0,0,- Sin Departamento -
7802150000458,LICOR DE ALMENDRA AMARETTO 750ML,S/0.00,S/25.00,S/0.00,1000000.00,0,0,- Sin Departamento -
7755539000511,LICOR DE FRANCHETTI SABOR A VODKA ALGARROBINA 750 ML,S/0.00,S/24.00,S/0.00,11.00,0,0,- Sin Departamento -
7755539000528,LICOR DE FRANCHETTI SABOR A VODKA CAFÉ 750 ML,S/0.00,S/24.00,S/0.00,5.00,0,0,- Sin Departamento -
7755539000573,LICOR DE FRANCHETTI SABOR A VODKA CHOCOLATE 750 ML,S/0.00,S/24.00,S/0.00,5.00,0,0,- Sin Departamento -
7755539000559,LICOR DE FRANCHETTI SABOR A VODKA FRESA 750 ML,S/0.00,S/24.00,S/0.00,5.00,0,0,- Sin Departamento -
7755539000535,LICOR DE FRANCHETTI SABOR A VODKA LUCUMA 750ML,S/0.00,S/24.00,S/0.00,6.00,0,0,- Sin Departamento -
7861058220306,LICOR DE KAFFE CRYMS 750ML,S/0.00,S/25.00,S/0.00,1000000.00,0,0,- Sin Departamento -
7754392000034,LICOR DE LA SELVA CHUCHUHUASI 750ML,S/0.00,S/22.00,S/0.00,1000000.00,0,0,- Sin Departamento -
7759095000114,LICOR EN CREMA CAFÉ  MR.JIGGER 750ML,S/0.00,S/25.00,S/0.00,1000000.00,0,0,- Sin Departamento -
7754392000027,LICOR RC EL AGUAJAL 750 ML,S/0.00,S/22.00,S/0.00,3.00,0,0,- Sin Departamento -
7754392000010,LICOR UVACHADO EL AGUAJAL 750 ML,S/0.00,S/22.00,S/0.00,5.00,0,0,- Sin Departamento -
764451439252,MACERADO DE MUÑA BLENDS 500 ML,S/0.00,S/25.00,S/0.00,2.00,0,0,- Sin Departamento -
764451439221,MADERADO AGUAYMANTO BLENDS 500 ML,S/0.00,S/25.00,S/0.00,3.00,0,0,- Sin Departamento -
7758574004179,MANI KARINTO PICANTE 35 GRAMOS,S/0.00,S/2.00,S/0.00,6.00,0,0,- Sin Departamento -
7753749005579,MIKES  HARD STRAWBERRY LEMONADE 355 ML,S/0.00,S/6.50,S/0.00,26.00,0,0,- Sin Departamento -
7753749008433,MIKES HARD ARANDANO 355 ML,S/0.00,S/6.50,S/0.00,17.00,0,0,- Sin Departamento -
7503026724859,MIKES HARD LIMON 355 ML,S/0.00,S/6.50,S/0.00,24.00,0,0,- Sin Departamento -
7753749008426,MIKES HARD MANZANA 355 ML,S/0.00,S/6.50,S/0.00,24.00,0,0,- Sin Departamento -
7753749006156,MIKES HARD PASSION MARACUYA   355 ML,S/0.00,S/6.50,S/0.00,47.00,0,0,- Sin Departamento -
7702614041082,PACK 1 BALLANTINES 750 ML + CHATA BALLANTINES,S/0.00,S/65.00,S/0.00,1.00,0,0,- Sin Departamento -
7754154000005,PACK 1 SOMETHING SPECIAL 750 ML + CHATA SOMETHING,S/0.00,S/65.00,S/0.00,2.00,0,0,- Sin Departamento -
7755204001904,PACK CHILCANERO CUATRO GALLOS QUEBRANTA,S/0.00,S/48.00,S/0.00,1.00,0,0,- Sin Departamento -
7755204002017,PACK CHILCANERO PANCHO FIERRO,S/0.00,S/45.00,S/0.00,3.00,0,0,MACLABIS
7750533003544,PACK PASAPORTE ROSSO TABERNERO,S/0.00,S/44.00,S/0.00,5.00,0,0,LIQUOR EXPRESS
7758574006616,PAPA LAYS 39 GRAMOS,S/0.00,S/2.50,S/0.00,9.00,0,0,FRITO LAYS
7750526002776,PAPAS INKA CHIPS CEBOLLA & BBQ  135GR,S/0.00,S/8.50,S/0.00,1.00,0,0,- Sin Departamento -
7750526002721,PAPAS INKA CHIPS SABOR BBQ & CEBOLLA 30 GR,S/0.00,S/2.50,S/0.00,2.00,0,0,- Sin Departamento -
7750526002752,PAPAS INKA CHIPS SABOR JALAPEÑO,S/0.00,S/8.50,S/0.00,3.00,0,0,- Sin Departamento -
7750526002745,PAPAS INKA CHIPS SAL DE MAR 135G,S/0.00,S/8.50,S/0.00,3.00,0,0,- Sin Departamento -
7758574006760,PIQUEO SNACK 210 GRAMOS,S/0.00,S/10.00,S/0.00,4.00,0,0,- Sin Departamento -
7758574004230,PIQUEO SNAX 55G,S/0.00,S/2.50,S/0.00,6.00,0,0,- Sin Departamento -
88,PISCANITO DE LIMON 275 ML,S/0.00,S/6.50,S/0.00,8.00,0,0,- Sin Departamento -
87,PISCANITO MARACUYA 275 ML,S/0.00,S/6.50,S/0.00,16.00,0,0,- Sin Departamento -
77542137,PISCANO CHILCANO  MARACUYA  275 ML,S/0.00,S/6.50,S/0.00,14.00,0,0,- Sin Departamento -
77542120,PISCANO CHILCANO DE PISCO TABERNERO LIMON 275ML,S/0.00,S/7.00,S/0.00,8.00,0,0,LIQUOR EXPRESS
7750533001168,PISCANO TABERNERO SOUR LIMON 700 ML,S/0.00,S/22.00,S/0.00,6.00,0,0,LIQUOR EXPRESS
7750533001373,PISCANO TABERNERO SOUR MARACUYA 700 ML,S/0.00,S/22.00,S/0.00,10.00,0,0,LIQUOR EXPRESS
7750533002264,PISCANO TABERNERO SOUR PIÑA COLADA 700 ML,S/0.00,S/22.00,S/0.00,4.00,0,0,- Sin Departamento -
45,PISCO BARATO VIEJO 670 ML,S/0.00,S/6.00,S/0.00,35.00,0,0,- Sin Departamento -
7755392001250,PISCO BIONDI ITALIA 500ML,S/0.00,S/70.00,S/0.00,1000000.00,0,0,- Sin Departamento -
7755392004251,PISCO BIONDI QUEBRANTA 500ML,S/0.00,S/70.00,S/0.00,1000000.00,0,0,- Sin Departamento -
46,PISCO CHATA MARQUES DE ICA,S/0.00,S/12.00,S/0.00,1000000.00,0,0,M&R (MARQUES DE ICA)
7755204000907,PISCO CUATRO GALLOS ACHOLADO PURO 700 ML,S/0.00,S/42.00,S/0.00,7.00,0,0,- Sin Departamento -
7755204000914,PISCO CUATRO GALLOS ITALIA 750ML,S/0.00,S/42.00,S/0.00,2.00,0,0,- Sin Departamento -
7755204105961,PISCO CUATRO GALLOS QUEBRANTA PURO 700ML,S/0.00,S/42.00,S/0.00,3.00,0,0,- Sin Departamento -
47,PISCO MARQUES DE ICA QUEBRANTA 2 LITROS,S/0.00,S/55.00,S/0.00,3.00,0,0,M&R (MARQUES DE ICA)
7756198000188,PISCO MARQUES DE ICA QUEBRANTA 750 ML,S/0.00,S/20.00,S/0.00,6.00,0,0,M&R (MARQUES DE ICA)
66,PISCO MARQUEZ DE ICA 250ML CHATA,S/0.00,S/12.00,S/0.00,1000000.00,0,0,M&R (MARQUES DE ICA)
7752933002714,PISCO OCUCAJE  QUEBRANTA 700ML,S/0.00,S/38.00,S/0.00,3.00,0,0,- Sin Departamento -
7752933002721,PISCO OCUCAJE ACHOLADO 700 ML,S/0.00,S/38.00,S/0.00,3.00,0,0,- Sin Departamento -
7755321000019,PISCO PORTON ACHOLADO 750 ML,S/0.00,S/95.00,S/0.00,3.00,0,0,- Sin Departamento -
7755321000026,PISCO PORTON ACHOLADO 750 ML,S/0.00,S/95.00,S/0.00,3.00,0,0,- Sin Departamento -
7755321000088,PISCO PORTON MOSTO VERDE QUEBRANTA 750 ML,S/0.00,S/95.00,S/0.00,1.00,0,0,- Sin Departamento -
7755321000118,PISCO PORTON QUEBRANTA 750 ML,S/0.00,S/95.00,S/0.00,1.00,0,0,- Sin Departamento -
48,PISCO SABOGAL PURO DE ORO 750 ML,S/0.00,S/13.00,S/0.00,16.00,0,0,- Sin Departamento -
7758218000024,PISCO SANTIAGO QUEIROLO  ACHOLADO 750 ML,S/0.00,S/33.00,S/0.00,5.00,0,0,- Sin Departamento -
7758218000192,PISCO SANTIAGO QUEIROLO  ITALIA 750 ML,S/0.00,S/33.00,S/0.00,4.00,0,0,- Sin Departamento -
7758218181112,PISCO SANTIAGO QUEIROLO  QUEBRANTA 750 ML,S/0.00,S/33.00,S/0.00,5.00,0,0,- Sin Departamento -
7757396181761,PISCO SOL DE ICA  VISTA ALEGRE 750ML,S/0.00,S/28.00,S/0.00,1000000.00,0,0,- Sin Departamento -
67,PISCO SOL DE ICA HUACOS 750ML,S/0.00,S/50.00,S/0.00,1000000.00,0,0,- Sin Departamento -
7750533001205,PISCO TABERNERO ACHOLADO LA BOTIJA  700 ML,S/0.00,S/35.00,S/0.00,5.00,0,0,LIQUOR EXPRESS
7750533001151,PISCO TABERNERO PURO QUEBRANTA LA BOTIJA 700 ML,S/0.00,S/35.00,S/0.00,6.00,0,0,LIQUOR EXPRESS
7758645005036,PISCO VARGAS  750 ML,S/0.00,S/30.00,S/0.00,6.00,0,0,- Sin Departamento -
7501008603024,RON BACARDI CARTA BLANCA 1 LITRO,S/0.00,S/60.00,S/0.00,4.00,0,0,- Sin Departamento -
4789928604021,RON BACARDI CARTA ORO 1 LITRO,S/0.00,S/60.00,S/0.00,5.00,0,0,- Sin Departamento -
7501008604021,RON BACARDI RUBIO CARTA ORO 1 LITRO,S/0.00,S/60.00,S/0.00,5.00,0,0,- Sin Departamento -
7751738003247,RON BLACK BARREAL 1 LITRO,S/0.00,S/36.00,S/0.00,2.00,0,0,- Sin Departamento -
7751738002417,RON BLACK BARREL 750 ML,S/0.00,S/33.00,S/0.00,5.00,0,0,- Sin Departamento -
7751738002622,RON CABO BLANCO X 1 LITRO,S/0.00,S/20.00,S/0.00,1000000.00,0,0,- Sin Departamento -
7751738001984,RON CARTAVIO 250 ML BLACK,S/0.00,S/10.50,S/0.00,9.00,0,0,MACLABIS
7751738445672,RON CARTAVIO BLACK 1 LITRO,S/0.00,S/35.00,S/0.00,9.00,0,0,MACLABIS
7751738003698,RON CARTAVIO BLACK 1.750 ML,S/0.00,S/65.00,S/0.00,3.00,0,0,MACLABIS
7751738000062,RON CARTAVIO BLACK 125 ML,S/0.00,S/7.00,S/0.00,12.00,0,0,MACLABIS
7751738002677,RON CARTAVIO BLACK 500 ML,S/0.00,S/20.00,S/0.00,5.00,0,0,MACLABIS
7751738000017,RON CARTAVIO BLACK 750 ML,S/0.00,S/30.00,S/0.00,7.00,0,0,MACLABIS
7751738001090,RON CARTAVIO BLANCO 1 LITRO,S/0.00,S/35.00,S/0.00,10.00,0,0,MACLABIS
7751738053969,RON CARTAVIO BLANCO 125 ML,S/0.00,S/7.00,S/0.00,9.00,0,0,MACLABIS
7751738001960,RON CARTAVIO BLANCO 250ML,S/0.00,S/10.50,S/0.00,16.00,0,0,MACLABIS
7751738002912,RON CARTAVIO BLANCO 500 ML,S/0.00,S/20.00,S/0.00,8.00,0,0,MACLABIS
7751738120883,RON CARTAVIO BLANCO 750 ML,S/0.00,S/30.00,S/0.00,7.00,0,0,MACLABIS
7751738005029,RON CARTAVIO BLANCO 750 ML + VASO,S/0.00,S/31.00,S/0.00,3.00,0,0,- Sin Departamento -
7751738005043,RON CARTAVIO MARACUMANGO 750 ML,S/0.00,S/28.00,S/0.00,2.00,0,0,MACLABIS
7753194000112,RON CARTAVIO POMALCA AÑEJO 3 AÑOS 1 LITRO,S/0.00,S/30.00,S/0.00,3.00,0,0,MACLABIS
7751738002820,RON CARTAVIO RESERVA 8 AÑOS 750 ML,S/0.00,S/60.00,S/0.00,5.00,0,0,MACLABIS
7751738001595,RON CARTAVIO RUBIO 1 LITRO,S/0.00,S/35.00,S/0.00,9.00,0,0,MACLABIS
7751738003667,RON CARTAVIO SELECTO 5 AÑOS 1.750 ML,S/0.00,S/80.00,S/0.00,3.00,0,0,MACLABIS
7751738004145,RON CARTAVIO SELECTO BLACK 5 AÑOS 750 ML,S/0.00,S/40.00,S/0.00,1.00,0,0,MACLABIS
7751738003377,RON CARTAVIO SELECTO BLANCO 5 AÑOS 750 ML,S/0.00,S/40.00,S/0.00,1.00,0,0,MACLABIS
7751738570091,RON CARTAVIO SOLERA 12 AÑOS 750 ML,S/0.00,S/100.00,S/0.00,5.00,0,0,MACLABIS
7751738053976,RON CARTAVIO SUPERIOR 125 ML,S/0.00,S/7.00,S/0.00,13.00,0,0,MACLABIS
7751738001977,RON CARTAVIO SUPERIOR 250 ML,S/0.00,S/10.50,S/0.00,12.00,0,0,MACLABIS
7751738001588,RON CARTAVIO SUPERIOR 750 ML,S/0.00,S/30.00,S/0.00,10.00,0,0,MACLABIS
7751738002929,RON CARTAVIO SUPERIOR X 500ML,S/0.00,S/20.00,S/0.00,5.00,0,0,MACLABIS
7702049100583,RON CHATA MEDELLIN 375 ML,S/0.00,S/18.00,S/0.00,4.00,0,0,- Sin Departamento -
7751738002844,RON CON SABOR A MOJITO HIT 700 ML,S/0.00,S/15.00,S/0.00,6.00,0,0,MACLABIS
7751738002837,RON CON SABOR A PIÑA COLADA HIT 700 ML,S/0.00,S/15.00,S/0.00,6.00,0,0,MACLABIS
7751738002851,RON CUBA LIBRE HIT 355 ML,S/0.00,S/5.00,S/0.00,12.00,0,0,MACLABIS
8501110086219,RON CUBANO HAVANA CLUB 1 LITRO,S/0.00,S/60.00,S/0.00,4.00,0,0,- Sin Departamento -
7461323129541,RON DOMINICANO BARCELO AÑEJO 1750 ML,S/0.00,S/95.00,S/0.00,3.00,0,0,- Sin Departamento -
7461323129244,RON DOMINICANO BARCELO AÑEJO 750 ML,S/0.00,S/48.00,S/0.00,6.00,0,0,- Sin Departamento -
7461323129305,RON DOMINICANO BARCELO IMPERIAL 750 ML,S/0.00,S/150.00,S/0.00,1.00,0,0,- Sin Departamento -
88291100302,RON EL ABUELO AÑEJO 1 LITRO,S/0.00,S/60.00,S/0.00,4.00,0,0,- Sin Departamento -
26964823967,RON FLOR DE CAÑA 12 AÑOS 750 ML,S/0.00,S/140.00,S/0.00,4.00,0,0,- Sin Departamento -
26964500233,RON FLOR DE CAÑA 18 AÑOS 750 ML,S/0.00,S/240.00,S/0.00,1.00,0,0,- Sin Departamento -
26964237689,RON FLOR DE CAÑA 4 AÑOS 1 LITRO,S/0.00,S/60.00,S/0.00,7.00,0,0,- Sin Departamento -
26964177190,RON FLOR DE CAÑA 4 AÑOS 750 ML,S/0.00,S/48.00,S/0.00,7.00,0,0,- Sin Departamento -
26964449952,RON FLOR DE CAÑA 5 AÑOS 1 LITRO,S/0.00,S/70.00,S/0.00,2.00,0,0,- Sin Departamento -
7751738935234,RON MANIAK A MANGO 500 ML,S/0.00,S/7.00,S/0.00,1000000.00,0,0,MACLABIS
7751738005258,RON MANIAK DURAZNO NARANJA Y GRANADINA 500 ML,S/0.00,S/7.00,S/0.00,8.00,0,0,MACLABIS
7751738005241,RON MANIAK PIÑA COLADA 500 ML,S/0.00,S/7.00,S/0.00,8.00,0,0,MACLABIS
7702049100576,RON MEDELLIN AÑEJO 3 AÑOS 750 ML,S/0.00,S/35.00,S/0.00,3.00,0,0,- Sin Departamento -
7751738002875,RON MOJITO HIT 355 ML,S/0.00,S/5.00,S/0.00,4.00,0,0,MACLABIS
7751738002868,RON PIÑA COLADA CARTAVIO HIT  355 ML,S/0.00,S/5.00,S/0.00,9.00,0,0,MACLABIS
7753194000532,RON POMALCA BLANCO CHATA,S/0.00,S/12.00,S/0.00,1000000.00,0,0,- Sin Departamento -
7753194000433,RON POMALCA CLASICO ORO AÑEJO 750 ML,S/0.00,S/27.00,S/0.00,5.00,0,0,- Sin Departamento -
7591156404581,RON SANTA TERESA AÑEJO 750 ML,S/0.00,S/80.00,S/0.00,3.00,0,0,- Sin Departamento -
7591156404598,RON SANTA TERESA LINAJE 750 ML,S/0.00,S/135.00,S/0.00,1.00,0,0,- Sin Departamento -
7702168217001,RON VIEJO DE CALDAS 3 AÑOS 750 ML,S/0.00,S/35.00,S/0.00,1.00,0,0,- Sin Departamento -
7751738001496,Ron Cartavio XO 18 Años X 750ml,S/0.00,S/280.00,S/0.00,1.00,0,0,MACLABIS
50,SACA CORCHO SIMPLE,S/0.00,S/3.50,S/0.00,4.00,0,0,- Sin Departamento -
51,SAL DE ANDREWS AZUL,S/0.00,S/1.50,S/0.00,7.00,0,0,- Sin Departamento -
52,SAL DE ANDREWS VERDE,S/0.00,S/1.00,S/0.00,26.00,0,0,- Sin Departamento -
7758218320580,SANTIAGO QUEIROLO BORGOÑA 2 LITROS,S/0.00,S/44.00,S/0.00,2.00,0,0,- Sin Departamento -
7758218195973,SANTIAGO QUEIROLO BORGOÑA 750ML,S/0.00,S/15.00,S/0.00,13.00,0,0,- Sin Departamento -
7758218320559,SANTIAGO QUEIROLO ROSE 2 LITROS,S/0.00,S/44.00,S/0.00,4.00,0,0,- Sin Departamento -
53,SMOKING BLUE X UND,S/0.00,S/0.20,S/0.00,677.00,0,0,- Sin Departamento -
54,SMOKING SABORES SURTIDOS,S/0.00,S/0.30,S/0.00,966.00,0,0,- Sin Departamento -
7750533003520,TABERNERO SANGRIA 946 ML,S/0.00,S/15.00,S/0.00,4.00,0,0,LIQUOR EXPRESS
7500810021064,TAKIS FUEGO 56G,S/0.00,S/2.50,S/0.00,6.00,0,0,- Sin Departamento -
7501035042322,TEKILA JOSE CUERVO ESPECIAL BLANCO 750ML,S/0.00,S/70.00,S/0.00,2.00,0,0,- Sin Departamento -
7501035010109,TEQUILA JOSE CUERVO RUBIO 750 ML,S/0.00,S/70.00,S/0.00,2.00,0,0,- Sin Departamento -
7758574003851,TOORTES PICANTE 71 GRAMOS,S/0.00,S/2.00,S/0.00,11.00,0,0,- Sin Departamento -
7622201776664,TRIDENT MENTA 8.5G,S/0.00,S/2.00,S/0.00,2.00,0,0,- Sin Departamento -
7622201776695,TRIDENT MORA AZUL 8.5 GR,S/0.00,S/2.00,S/0.00,31.00,0,0,- Sin Departamento -
7622201776633,TRIDENT SABOR SANDIA 8.5 GR,S/0.00,S/2.00,S/0.00,19.00,0,0,- Sin Departamento -
6975922110011,VAPER 600 PUFFS ICE WAVE COLA,S/0.00,S/25.00,S/0.00,1.00,0,0,- Sin Departamento -
431055133108,VAPER ICEWAVE COLA 600 PUFFS,S/0.00,S/25.00,S/0.00,1000000.00,0,0,- Sin Departamento -
55,VAPER SABORES SURTIDOS 28000 PUFFS,S/0.00,S/65.00,S/0.00,4.00,0,0,- Sin Departamento -
40696164,VINO BLACK TOWER 750 ML,S/0.00,S/30.00,S/0.00,1.00,0,0,- Sin Departamento -
7804320303178,VINO CASILLERO DEL DIABLO CABERNET 750 ML,S/0.00,S/45.00,S/0.00,5.00,0,0,- Sin Departamento -
56,VINO DAMAJUANA TRES CORONAS 2 LITROS,S/0.00,S/25.00,S/0.00,1.00,0,0,- Sin Departamento -
57,VINO DAMAJUANA TRES CORONAS 4 LITROS,S/0.00,S/40.00,S/0.00,4.00,0,0,- Sin Departamento -
7752957000017,VINO ESPUMANTE NOCHE DE BRINDIS EL PADRINO 750 ML,S/0.00,S/10.00,S/0.00,12.00,0,0,- Sin Departamento -
58,VINO FOND DE CAVE BLANCO 750 ML,S/0.00,S/30.00,S/0.00,1000000.00,0,0,- Sin Departamento -
7752933001625,VINO FOND DE CAVE TINTO 750 ML,S/0.00,S/30.00,S/0.00,5.00,0,0,- Sin Departamento -
7804320559001,VINO FRONTERA CABERNET 750 ML,S/0.00,S/30.00,S/0.00,1000000.00,0,0,- Sin Departamento -
7798039596528,VINO FRONTERA MALBEC 750 ML,S/0.00,S/30.00,S/0.00,5.00,0,0,- Sin Departamento -
7804320706009,VINO FRONTERA MERLOT 750 ML,S/0.00,S/30.00,S/0.00,1000000.00,0,0,- Sin Departamento -
7750533017732,VINO GRAN TINTO TABERNERO 750 ML,S/0.00,S/24.00,S/0.00,10.00,0,0,LIQUOR EXPRESS
7758218000437,VINO INTIPALKA MALBEC 750 ML,S/0.00,S/35.00,S/0.00,3.00,0,0,- Sin Departamento -
7758218000413,VINO INTIPALKA SAUVIGÑON BLACK 750ML BLANCO,S/0.00,S/35.00,S/0.00,1000000.00,0,0,- Sin Departamento -
7758218000444,VINO INTIPALKA SYRAH 750 ML,S/0.00,S/35.00,S/0.00,5.00,0,0,- Sin Departamento -
7750431730047,VINO ISABELLA BIALLARDI DE HIGO 750 ML,S/0.00,S/12.00,S/0.00,5.00,0,0,- Sin Departamento -
7759683000434,VINO LA FINKANA ARTESANAL HIGO 750ML,S/0.00,S/12.00,S/0.00,1000000.00,0,0,- Sin Departamento -
7461323129800,VINO MISTELA RIO GRANDE,S/0.00,S/12.00,S/0.00,1000000.00,0,0,- Sin Departamento -
7791250001680,VINO NAVARRO CORREA CABERNET SAUVIGNON 750 ML,S/0.00,S/60.00,S/0.00,1000000.00,0,0,- Sin Departamento -
7791250000935,VINO NAVARRO CORREA LOS ARBOLES MALBEC,S/0.00,S/60.00,S/0.00,1000000.00,0,0,- Sin Departamento -
7791250001673,VINO NAVARRO CORREA MALBEC 750 ML,S/0.00,S/60.00,S/0.00,1.00,0,0,- Sin Departamento -
7791250001697,VINO NAVARRO CORREA MALBEC CABERNET MERLOT 750 ML,S/0.00,S/60.00,S/0.00,1000000.00,0,0,- Sin Departamento -
7791250001703,VINO NAVARRO CORREA MERLOT 750 ML,S/0.00,S/60.00,S/0.00,2.00,0,0,- Sin Departamento -
7752933112130,VINO OPORTO DEL ABUELO 750ML,S/0.00,S/28.00,S/0.00,4.00,0,0,- Sin Departamento -
7804320760759,VINO PALO ALTO TINTO 750 ML,S/0.00,S/18.00,S/0.00,10.00,0,0,- Sin Departamento -
68,VINO PERFECTO AMOR 750ML ICASUR,S/0.00,S/15.00,S/0.00,1000000.00,0,0,- Sin Departamento -
7804320207230,VINO RESERVADO BLANCO MOSCATEL/SEMILLON 750 ML,S/0.00,S/30.00,S/0.00,1000000.00,0,0,- Sin Departamento -
7804320116815,VINO RESERVADO BLANCO SAUVIGNON 750 ML,S/0.00,S/30.00,S/0.00,4.00,0,0,- Sin Departamento -
59,VINO RESERVADO TINTO 750ML,S/0.00,S/30.00,S/0.00,1000000.00,0,0,- Sin Departamento -
60,VINO SAN VICENTE DE HIGO 750 ML,S/0.00,S/12.00,S/0.00,7.00,0,0,- Sin Departamento -
61,VINO SANGRIA CAROREÑA 1L,S/0.00,S/16.00,S/0.00,16.00,0,0,NEGOCIACIONES S.A.C
764451709737,VINO SANGRIA TRES MARIAS 750 ML,S/0.00,S/12.00,S/0.00,1.00,0,0,- Sin Departamento -
7758218195942,VINO SANTIAGO QUEIROLO BLANCO RESERVADO,S/0.00,S/15.00,S/0.00,12.00,0,0,- Sin Departamento -
7758218195980,VINO SANTIAGO QUEIROLO MAGDALENA  750 ML,S/0.00,S/15.00,S/0.00,25.00,0,0,- Sin Departamento -
7758218000727,VINO SANTIAGO QUEIROLO MALBEC 750 ML,S/0.00,S/20.00,S/0.00,6.00,0,0,- Sin Departamento -
7758218195966,VINO SANTIAGO QUEIROLO MOSCATO 750 ML,S/0.00,S/15.00,S/0.00,7.00,0,0,- Sin Departamento -
7758218195959,VINO SANTIAGO QUEIROLO ROSE 750 ML,S/0.00,S/15.00,S/0.00,23.00,0,0,- Sin Departamento -
7758218000352,VINO SANTIAGO QUEIROLO SHIRAZ 750ML,S/0.00,S/15.00,S/0.00,1000000.00,0,0,- Sin Departamento -
7758218000178,VINO SANTIAGO QUEIROLO TANNAT,S/0.00,S/20.00,S/0.00,3.00,0,0,- Sin Departamento -
7750533017749,VINO SEMISECO GRAN ROSE TABERNERO 750 ML,S/0.00,S/15.00,S/0.00,11.00,0,0,LIQUOR EXPRESS
7750533000147,VINO TABERNERO BORGOÑA 750 ML,S/0.00,S/15.00,S/0.00,14.00,0,0,LIQUOR EXPRESS
7750533017763,VINO TABERNERO GRAN BLANCO AFRUTADO SMEMI SECO,S/0.00,S/15.00,S/0.00,3.00,0,0,LIQUOR EXPRESS
7750533001359,VINO TABERNERO GRAN SELECCION ROSE 750 ML,S/0.00,S/20.00,S/0.00,7.00,0,0,LIQUOR EXPRESS
7750533001779,VINO TABERNERO TUYO BORGOÑA 750 ML,S/0.00,S/18.00,S/0.00,10.00,0,0,- Sin Departamento -
7750533001786,VINO TABERNERO TUYO GRAN ROSE 750 ML,S/0.00,S/18.00,S/0.00,10.00,0,0,- Sin Departamento -
7750359100069,VINO TACAMA GRAN BLANCO 750ML,S/0.00,S/20.00,S/0.00,3.00,0,0,TACAMA
7750359100076,VINO TACAMA GRAN TINTO MALBEC/TANAC 750ML,S/0.00,S/26.00,S/0.00,7.00,0,0,TACAMA
7750359000383,VINO TACAMA TINTO SEMI SECO  75OML,S/0.00,S/20.00,S/0.00,5.00,0,0,TACAMA
7750359000369,VINO TACAMA VIÑA ROSE SEMISECO 750 ML,S/0.00,S/20.00,S/0.00,6.00,0,0,TACAMA
7750533246095,VINO TINTO TABERNERO BORGOÑA 2 LT,S/0.00,S/44.00,S/0.00,1000000.00,0,0,LIQUOR EXPRESS
62,VINO TRES CORONAS MISTELA 750 ML,S/0.00,S/12.00,S/0.00,10.00,0,0,- Sin Departamento -
63,VINO TRES CORONAS PAVA 7 LITROS,S/0.00,S/60.00,S/0.00,2.00,0,0,- Sin Departamento -
64,VINO TRES CORONAS SEMI SECO 750 ML,S/0.00,S/10.00,S/0.00,24.00,0,0,- Sin Departamento -
788070702856,VINO TRES MARIAS ARANDANO 750 ML,S/0.00,S/18.00,S/0.00,4.00,0,0,- Sin Departamento -
788070702443,VINO TRES MARIAS MARACUYA 750 ML,S/0.00,S/15.00,S/0.00,4.00,0,0,- Sin Departamento -
7798039590151,VINO TRIBU MALBEC 750 ML,S/0.00,S/25.00,S/0.00,1.00,0,0,- Sin Departamento -
123456789123,VINO VIÑA NUEVA DE HIGO 750ML,S/0.00,S/12.00,S/0.00,1000000.00,0,0,- Sin Departamento -
7758645289412,VINO VIÑA VIEJA BORGOÑA SEMI SECO 750 ML,S/0.00,S/14.00,S/0.00,12.00,0,0,- Sin Departamento -
7758645149228,VINO VIÑA VIEJA GRAN ROSE 750ML,S/0.00,S/14.00,S/0.00,10.00,0,0,- Sin Departamento -
7751738003223,VODAKA WILD APPLE 355 ML,S/0.00,S/5.00,S/0.00,1.00,0,0,- Sin Departamento -
7751738002295,VODKA  RUSS KAYA ORANGE SABORIZADA 750ML,S/0.00,S/29.00,S/0.00,5.00,0,0,- Sin Departamento -
7312040050758,VODKA ABSOLUT MANDRIN 750 ML,S/0.00,S/48.00,S/0.00,1.00,0,0,- Sin Departamento -
809151512260,VODKA NUVO  700ML,S/0.00,S/135.00,S/0.00,2.00,0,0,- Sin Departamento -
7751738003971,VODKA PASSION WLID SABOR MARACUYA 355 ML,S/0.00,S/5.00,S/0.00,9.00,0,0,- Sin Departamento -
7751738002400,VODKA RUSS KAYA CLASICO 1 LITRO,S/0.00,S/33.00,S/0.00,2.00,0,0,MACLABIS
7751738002288,VODKA RUSS KAYA CRANBERRY 750 ML,S/0.00,S/26.00,S/0.00,3.00,0,0,MACLABIS
7751738004404,VODKA RUSS KAYA PINK STRAWBERRY 1 LITRO,S/0.00,S/35.00,S/0.00,5.00,0,0,MACLABIS
7751738003773,VODKA RUSS KAYA SABORIZADO PINK 750ML,S/0.00,S/29.00,S/0.00,5.00,0,0,MACLABIS
7751738003964,VODKA SEX ON WILD SABOR NARANJA DURAZNO Y GRANADINA 355 ML,S/0.00,S/5.00,S/0.00,1000000.00,0,0,- Sin Departamento -
764009013101,VODKA SMIRNOFF CHATA ICE GREEN APPLE BITE 355 ML,S/0.00,S/8.50,S/0.00,35.00,0,0,CBC (PEPSI)
7791250001857,VODKA SMIRNOFF GREEN APPLE 700 ML,S/0.00,S/40.00,S/0.00,11.00,0,0,COCA COLA (ECOBESA)
764009801814,VODKA SMIRNOFF ICE ORIGINAL 355 ML,S/0.00,S/8.50,S/0.00,1000000.00,0,0,CBC (PEPSI)
764009013118,VODKA SMIRNOFF LATA ICE GREEN APPLE BITE 350 ML,S/0.00,S/8.50,S/0.00,28.00,0,0,CBC (PEPSI)
5410316519724,VODKA SMIRNOFF LIMON ROJO 750ML,S/0.00,S/38.00,S/0.00,2.00,0,0,COCA COLA (ECOBESA)
7751738002899,VODKA WILD PASSION FRUIT 355 ML,S/0.00,S/5.00,S/0.00,1.00,0,0,- Sin Departamento -
7751738004367,VODKA WILD RUSS KAYA TROPICAL ORANGE  750 ML,S/0.00,S/15.00,S/0.00,1.00,0,0,- Sin Departamento -
7751738004305,VODKA WILLD XTREME APLETINI 355 ML,S/0.00,S/5.00,S/0.00,2.00,0,0,- Sin Departamento -
7750885019798,WAFER NIK DE VAINILLA,S/0.00,S/2.00,S/0.00,7.00,0,0,- Sin Departamento -
636191205209,WHISKY APPLETON KINGSTON 1LT,S/0.00,S/55.00,S/0.00,1000000.00,0,0,- Sin Departamento -
5010106113127,WHISKY BALLANTINES X 750 ML,S/0.00,S/48.00,S/0.00,5.00,0,0,- Sin Departamento -
5010106113493,WHISKY CHATA BALLANTINES 200 ML,S/0.00,S/20.00,S/0.00,2.00,0,0,- Sin Departamento -
5000299280164,WHISKY CHATA SOMETHING SPECIAL 200 ML,S/0.00,S/20.00,S/0.00,4.00,0,0,- Sin Departamento -
80432400364,WHISKY CHIVAS CHATA 200 ML,S/0.00,S/25.00,S/0.00,3.00,0,0,- Sin Departamento -
80432402931,WHISKY CHIVAS REGAL 12 AÑOS 700ML,S/0.00,S/100.00,S/0.00,4.00,0,0,- Sin Departamento -
5000281003160,WHISKY GRAND OLD PARR 12 AÑOS 750 ML,S/0.00,S/110.00,S/0.00,3.00,0,0,- Sin Departamento -
5010327000046,WHISKY GRANTS 750ML,S/0.00,S/45.00,S/0.00,5.00,0,0,- Sin Departamento -
82184004371,WHISKY JACK DANIELS APPLE 750 ML,S/0.00,S/115.00,S/0.00,3.00,0,0,- Sin Departamento -
82184000335,WHISKY JACK DANIELS HONEY 750 ML,S/0.00,S/110.00,S/0.00,2.00,0,0,- Sin Departamento -
82184090466,WHISKY JACK DANIELS NEGRO 750 ML,S/0.00,S/110.00,S/0.00,5.00,0,0,- Sin Departamento -
7750651003358,WHISKY JHONNIE WALKER  GOLD  LAVEL DORADA +VASO  750ML,S/0.00,S/300.00,S/0.00,1000000.00,0,0,- Sin Departamento -
5000267114279,WHISKY JHONNIE WALKER BLUE LABEL 750ML,S/0.00,S/1,100.00,S/0.00,1000000.00,0,0,- Sin Departamento -
5000267024011,WHISKY JOHNNIE WALKER BLACK LABEL 750 ML,S/0.00,S/134.00,S/0.00,5.00,0,0,- Sin Departamento -
5000267173115,WHISKY JOHNNIE WALKER BLANCO 750 ML,S/0.00,S/50.00,S/0.00,1.00,0,0,- Sin Departamento -
5000267116419,WHISKY JOHNNIE WALKER DOUBLE BLACK 750 ML,S/0.00,S/170.00,S/0.00,3.00,0,0,- Sin Departamento -
5000267107776,WHISKY JOHNNIE WALKER GOLD LABEL 750 ML,S/0.00,S/290.00,S/0.00,3.00,0,0,- Sin Departamento -
5000267134338,WHISKY JOHNNIE WALKER GREEN LABEL 750 ML,S/0.00,S/390.00,S/0.00,2.00,0,0,- Sin Departamento -
7751738004503,WHISKY OLD TIMES APPLE RUSH 750 ML,S/0.00,S/28.00,S/0.00,5.00,0,0,MACLABIS
7751738003766,WHISKY OLD TIMES BLACK 1L,S/0.00,S/35.00,S/0.00,3.00,0,0,MACLABIS
7751738002981,WHISKY OLD TIMES GOLD 750 ML,S/0.00,S/50.00,S/0.00,1.00,0,0,MACLABIS
7751738003308,WHISKY OLD TIMES ROJO 1L,S/0.00,S/33.00,S/0.00,3.00,0,0,MACLABIS
7751738001489,WHISKY OLD TIMES ROJO 750 ML,S/0.00,S/28.00,S/0.00,11.00,0,0,MACLABIS
5000267014005,WHISKY RED LABEL 750ML  X BOTELLA,S/0.00,S/50.00,S/0.00,9.00,0,0,- Sin Departamento -
80432402795,WHISKY SOMETHING SPECIAL  750 ML,S/0.00,S/50.00,S/0.00,5.00,0,0,- Sin Departamento -
5000265001007,WHISKY WHITE HORSE 750 ML,S/0.00,S/30.00,S/0.00,1.00,0,0,- Sin Departamento -
